frame_id,box_id,seq_id,frame_idx,time_s,x1,y1,x2,y2,pred_class,conf,p_top1,class_2,p_top2
p001,p001_b01,S15,101,4.0,659.5,239.1,745.7,292.7,car,0.892,0.892,others,0.0141
p001,p001_b02,S15,101,4.0,0.0,223.9,84.9,281.6,car,0.8848,0.8848,others,0.019
p001,p001_b03,S15,101,4.0,849.5,410.2,959.5,537.9,car,0.8507,0.8507,others,0.0246
p001,p001_b04,S15,101,4.0,464.3,279.5,541.5,356.7,car,0.8437,0.8437,others,0.0268
p001,p001_b05,S15,101,4.0,809.6,250.9,917.4,320.6,car,0.8267,0.8267,others,0.0403
p001,p001_b06,S15,101,4.0,677.1,161.0,818.9,231.3,bus,0.7504,0.7504,others,0.0184
p001,p001_b07,S15,101,4.0,882.8,182.2,959.6,226.5,car,0.742,0.742,others,0.025
p001,p001_b08,S15,101,4.0,492.7,222.3,552.6,281.7,car,0.7171,0.7171,others,0.0264
p001,p001_b09,S15,101,4.0,326.4,148.4,366.9,176.6,car,0.6863,0.6863,others,0.0212
p001,p001_b10,S15,101,4.0,185.8,144.4,227.9,172.9,car,0.6543,0.6543,others,0.0169
p001,p001_b11,S15,101,4.0,573.6,171.0,625.9,209.4,car,0.6496,0.6496,others,0.0293
p001,p001_b12,S15,101,4.0,318.2,339.9,456.9,536.9,bus,0.6279,0.6279,others,0.0661
p001,p001_b13,S15,101,4.0,825.2,159.0,886.0,190.0,car,0.5553,0.5553,others,0.1762
p002,p002_b01,S14,121,4.8,399.7,235.7,523.2,459.3,bus,0.8337,0.8337,others,0.0342
p002,p002_b02,S14,121,4.8,565.7,248.0,606.0,285.5,car,0.5208,0.5208,others,0.0254
p002,p002_b03,S14,121,4.8,624.5,244.6,666.3,305.5,others,0.4247,0.4247,bus,0.0392
p002,p002_b04,S14,121,4.8,515.2,257.5,581.8,329.7,car,0.3646,0.3646,others,0.1467
p002,p002_b05,S14,121,4.8,529.6,210.4,550.9,234.7,car,0.3382,0.3382,others,0.0797
p003,p003_b01,S07,1651,66.0,576.3,284.8,817.0,410.9,car,0.9081,0.9081,others,0.0112
p003,p003_b02,S07,1651,66.0,451.3,192.5,606.7,271.2,car,0.8688,0.8688,others,0.0042
p003,p003_b03,S07,1651,66.0,325.4,158.1,436.8,235.4,car,0.8275,0.8275,others,0.0258
p003,p003_b04,S07,1651,66.0,11.4,120.8,274.2,264.7,bus,0.8095,0.8095,others,0.025
p003,p003_b05,S07,1651,66.0,517.4,131.0,631.9,187.5,car,0.7854,0.7854,others,0.0193
p003,p003_b06,S07,1651,66.0,247.2,157.0,313.3,209.9,car,0.7458,0.7458,others,0.0079
p003,p003_b07,S07,1651,66.0,914.3,279.3,959.8,366.8,car,0.7328,0.7328,others,0.0209
p003,p003_b08,S07,1651,66.0,659.8,202.7,855.6,328.5,car,0.6539,0.6539,others,0.1221
p003,p003_b09,S07,1651,66.0,218.1,101.4,271.9,142.9,car,0.397,0.397,others,0.022
p003,p003_b10,S07,1651,66.0,344.5,59.2,406.9,99.6,car,0.3935,0.3935,others,0.0718
p003,p003_b11,S07,1651,66.0,323.0,127.8,425.3,171.3,car,0.3694,0.3694,others,0.0061
p003,p003_b12,S07,1651,66.0,660.3,204.3,855.5,326.6,others,0.368,0.368,car,0.3606
p003,p003_b13,S07,1651,66.0,450.5,85.2,752.9,169.0,others,0.3537,0.3537,bus,0.0438
p003,p003_b14,S07,1651,66.0,165.6,58.6,355.4,129.7,bus,0.3078,0.3078,others,0.0546
p003,p003_b15,S07,1651,66.0,212.2,60.8,355.1,126.8,bus,0.2907,0.2907,others,0.0614
p003,p003_b16,S07,1651,66.0,336.2,134.5,422.8,172.6,car,0.2685,0.2685,others,0.007
p004,p004_b01,S12,51,2.0,187.9,170.8,246.2,210.8,car,0.8598,0.8598,others,0.0565
p004,p004_b02,S12,51,2.0,895.5,160.5,959.7,205.5,car,0.8394,0.8394,others,0.0144
p004,p004_b03,S12,51,2.0,622.6,162.2,675.1,209.8,car,0.816,0.816,others,0.0341
p004,p004_b04,S12,51,2.0,0.1,346.1,92.2,456.4,car,0.8117,0.8117,others,0.1176
p004,p004_b05,S12,51,2.0,636.5,235.9,716.4,306.0,car,0.7519,0.7519,others,0.0583
p004,p004_b06,S12,51,2.0,711.3,161.8,772.5,211.9,car,0.7444,0.7444,others,0.0311
p004,p004_b07,S12,51,2.0,901.5,409.9,959.6,526.2,car,0.7289,0.7289,others,0.0658
p004,p004_b08,S12,51,2.0,805.1,159.3,866.4,203.1,car,0.6376,0.6376,others,0.0609
p004,p004_b09,S12,51,2.0,435.3,95.3,470.2,116.1,car,0.5774,0.5774,others,0.0937
p004,p004_b10,S12,51,2.0,912.6,259.4,959.6,327.7,car,0.5524,0.5524,others,0.1877
p004,p004_b11,S12,51,2.0,605.8,95.7,640.5,133.8,car,0.5277,0.5277,others,0.1408
p004,p004_b12,S12,51,2.0,671.7,106.4,711.0,138.3,car,0.5016,0.5016,others,0.157
p004,p004_b13,S12,51,2.0,711.2,93.6,743.4,113.3,car,0.4972,0.4972,others,0.2028
p004,p004_b14,S12,51,2.0,280.6,201.8,363.0,285.6,others,0.488,0.488,car,0.1887
p004,p004_b15,S12,51,2.0,759.0,128.2,803.9,159.9,car,0.4424,0.4424,others,0.171
p004,p004_b16,S12,51,2.0,361.4,238.1,450.1,339.9,others,0.4037,0.4037,car,0.2463
p004,p004_b17,S12,51,2.0,279.5,200.7,362.4,282.3,car,0.3707,0.3707,others,0.1067
p004,p004_b18,S12,51,2.0,763.0,92.6,800.0,116.6,car,0.3435,0.3435,others,0.1863
p004,p004_b19,S12,51,2.0,606.3,96.3,640.4,134.2,others,0.3158,0.3158,car,0.2571
p004,p004_b20,S12,51,2.0,657.2,92.8,685.7,101.7,car,0.2681,0.2681,others,0.0383
p005,p005_b01,S13,351,14.0,622.6,260.4,755.2,331.2,bus,0.8483,0.8483,train,0.0054
p005,p005_b02,S13,351,14.0,744.8,361.8,842.1,423.2,car,0.8467,0.8467,others,0.016
p005,p005_b03,S13,351,14.0,903.4,367.2,959.7,431.0,car,0.7626,0.7626,others,0.028
p005,p005_b04,S13,351,14.0,606.4,492.5,766.8,540.0,car,0.7571,0.7571,others,0.0203
p005,p005_b05,S13,351,14.0,918.1,415.0,959.8,497.2,car,0.7538,0.7538,others,0.0194
p005,p005_b06,S13,351,14.0,396.1,488.7,571.5,540.0,car,0.7161,0.7161,others,0.0098
p005,p005_b07,S13,351,14.0,875.8,284.2,959.8,359.6,bus,0.6533,0.6533,others,0.1729
p006,p006_b01,S11,101,4.0,494.7,116.6,557.7,176.2,car,0.8339,0.8339,others,0.0357
p006,p006_b02,S11,101,4.0,855.6,280.2,959.6,398.9,car,0.821,0.821,others,0.0491
p006,p006_b03,S11,101,4.0,421.4,182.2,520.7,285.5,car,0.8062,0.8062,others,0.0511
p006,p006_b04,S11,101,4.0,885.2,158.0,959.6,224.7,car,0.7888,0.7888,others,0.0566
p006,p006_b05,S11,101,4.0,596.8,79.6,645.5,127.1,car,0.7859,0.7859,others,0.0251
p006,p006_b06,S11,101,4.0,704.7,100.5,770.0,152.7,car,0.7678,0.7678,others,0.0352
p006,p006_b07,S11,101,4.0,278.6,449.4,457.8,537.0,car,0.7639,0.7639,others,0.0041
p006,p006_b08,S11,101,4.0,723.2,36.3,759.8,69.0,car,0.6786,0.6786,others,0.0233
p006,p006_b09,S11,101,4.0,528.3,52.6,568.3,101.8,car,0.6605,0.6605,others,0.1168
p006,p006_b10,S11,101,4.0,768.8,29.2,807.1,58.7,car,0.6538,0.6538,others,0.0587
p006,p006_b11,S11,101,4.0,424.7,96.6,475.5,141.2,car,0.6299,0.6299,others,0.0589
p006,p006_b12,S11,101,4.0,558.3,43.7,589.0,74.6,car,0.5872,0.5872,others,0.0561
p006,p006_b13,S11,101,4.0,576.0,282.0,726.8,487.7,others,0.5774,0.5774,car,0.1489
p006,p006_b14,S11,101,4.0,448.6,18.7,532.4,98.7,bus,0.5581,0.5581,others,0.022
p006,p006_b15,S11,101,4.0,677.3,37.7,709.5,69.2,car,0.5102,0.5102,others,0.1097
p006,p006_b16,S11,101,4.0,566.4,27.6,602.0,54.0,car,0.426,0.426,others,0.1623
p006,p006_b17,S11,101,4.0,604.8,35.2,637.3,63.2,car,0.2993,0.2993,others,0.0478
p007,p007_b01,S12,451,18.0,679.5,288.3,778.1,376.9,car,0.7833,0.7833,others,0.0825
p007,p007_b02,S12,451,18.0,727.9,185.7,796.7,254.2,car,0.7631,0.7631,others,0.2273
p007,p007_b03,S12,451,18.0,622.0,168.5,678.2,223.3,car,0.7511,0.7511,others,0.0193
p007,p007_b04,S12,451,18.0,357.3,112.2,390.6,141.7,car,0.7309,0.7309,others,0.038
p007,p007_b05,S12,451,18.0,325.5,170.9,385.5,217.8,car,0.7084,0.7084,others,0.0934
p007,p007_b06,S12,451,18.0,847.1,180.4,921.4,237.7,car,0.6878,0.6878,others,0.3276
p007,p007_b07,S12,451,18.0,780.0,106.3,820.8,135.8,car,0.6317,0.6317,others,0.1561
p007,p007_b08,S12,451,18.0,671.7,108.4,705.1,146.4,car,0.627,0.627,others,0.1301
p007,p007_b09,S12,451,18.0,17.1,206.3,137.5,308.1,others,0.6204,0.6204,car,0.1159
p007,p007_b10,S12,451,18.0,484.3,94.3,510.1,122.6,car,0.5635,0.5635,others,0.1445
p007,p007_b11,S12,451,18.0,602.9,109.7,636.4,140.7,car,0.5255,0.5255,others,0.0653
p007,p007_b12,S12,451,18.0,443.2,93.6,470.6,113.5,car,0.4808,0.4808,others,0.0697
p007,p007_b13,S12,451,18.0,711.2,109.3,748.1,133.9,car,0.4744,0.4744,others,0.0862
p007,p007_b14,S12,451,18.0,846.1,176.1,922.5,237.5,others,0.432,0.432,car,0.2272
p007,p007_b15,S12,451,18.0,741.9,93.6,769.0,107.2,car,0.3296,0.3296,others,0.049
p007,p007_b16,S12,451,18.0,644.4,92.7,674.7,108.8,car,0.304,0.304,others,0.0697
p008,p008_b01,S26,251,10.0,95.5,196.6,201.1,279.8,car,0.8754,0.8754,others,0.0067
p008,p008_b02,S26,251,10.0,147.2,129.4,226.0,181.2,car,0.835,0.835,others,0.0158
p008,p008_b03,S26,251,10.0,486.6,293.2,790.3,482.0,car,0.7383,0.7383,others,0.0295
p008,p008_b04,S26,251,10.0,340.1,68.0,529.5,132.6,bus,0.7331,0.7331,train,0.0096
p008,p008_b05,S26,251,10.0,212.0,93.3,278.5,132.1,car,0.4148,0.4148,others,0.0651
p008,p008_b06,S26,251,10.0,552.7,164.4,671.8,209.4,car,0.4054,0.4054,bus,0.0103
p008,p008_b07,S26,251,10.0,610.5,164.4,711.4,202.6,car,0.3194,0.3194,others,0.0027
p008,p008_b08,S26,251,10.0,207.3,76.9,258.2,109.4,car,0.271,0.271,others,0.0363
p008,p008_b09,S26,251,10.0,643.8,164.4,710.7,198.7,car,0.2663,0.2663,others,0.0005
p008,p008_b10,S26,251,10.0,566.0,201.6,779.6,293.0,car,0.2647,0.2647,bus,0.0259
p008,p008_b11,S26,251,10.0,36.5,127.0,82.0,149.5,car,0.253,0.253,others,0.0238
p009,p009_b01,S21,551,22.0,744.5,282.8,959.1,411.9,car,0.8441,0.8441,others,0.0101
p009,p009_b02,S21,551,22.0,238.3,169.6,311.5,213.4,car,0.8095,0.8095,others,0.0187
p009,p009_b03,S21,551,22.0,531.1,170.8,633.7,210.5,car,0.4762,0.4762,others,0.0483
p009,p009_b04,S21,551,22.0,65.2,83.2,89.4,98.9,car,0.341,0.341,others,0.0108
p009,p009_b05,S21,551,22.0,337.6,96.5,359.5,114.6,car,0.3253,0.3253,others,0.0195
p009,p009_b06,S21,551,22.0,370.8,151.6,412.7,173.0,car,0.2744,0.2744,others,0.0101
p010,p010_b01,S07,1656,66.2,632.5,298.0,889.9,435.6,car,0.8805,0.8805,others,0.0095
p010,p010_b02,S07,1656,66.2,451.6,191.1,607.5,272.2,car,0.8651,0.8651,others,0.0016
p010,p010_b03,S07,1656,66.2,19.5,127.1,303.7,273.4,bus,0.8345,0.8345,others,0.0111
p010,p010_b04,S07,1656,66.2,324.7,158.0,437.3,234.8,car,0.8289,0.8289,others,0.016
p010,p010_b05,S07,1656,66.2,538.4,132.3,657.5,190.4,car,0.806,0.806,others,0.0155
p010,p010_b06,S07,1656,66.2,914.2,279.4,959.7,365.5,car,0.7421,0.7421,others,0.0237
p010,p010_b07,S07,1656,66.2,658.3,203.7,854.5,324.9,car,0.7348,0.7348,others,0.0659
p010,p010_b08,S07,1656,66.2,336.9,129.6,444.2,182.5,car,0.6603,0.6603,others,0.017
p010,p010_b09,S07,1656,66.2,219.8,100.6,278.9,144.3,car,0.4584,0.4584,others,0.0249
p010,p010_b10,S07,1656,66.2,218.5,60.5,365.4,129.5,bus,0.4504,0.4504,others,0.0287
p010,p010_b11,S07,1656,66.2,589.2,124.9,715.8,170.8,car,0.375,0.375,others,0.1255
p010,p010_b12,S07,1656,66.2,466.4,86.3,573.5,150.0,others,0.2838,0.2838,bus,0.1101
p010,p010_b13,S07,1656,66.2,0.2,122.4,26.2,183.0,car,0.2836,0.2836,others,0.0465
p010,p010_b14,S07,1656,66.2,80.8,80.7,128.9,110.2,car,0.2667,0.2667,others,0.0449
p011,p011_b01,S07,1646,65.8,521.4,273.4,746.1,390.4,car,0.9188,0.9188,others,0.0088
p011,p011_b02,S07,1646,65.8,452.2,192.7,608.7,272.1,car,0.8726,0.8726,others,0.0061
p011,p011_b03,S07,1646,65.8,325.4,159.4,437.0,235.4,car,0.8049,0.8049,others,0.068
p011,p011_b04,S07,1646,65.8,3.6,123.5,254.1,257.7,bus,0.7989,0.7989,others,0.0236
p011,p011_b05,S07,1646,65.8,497.5,131.0,610.0,185.8,car,0.7641,0.7641,others,0.0379
p011,p011_b06,S07,1646,65.8,225.3,156.8,312.9,211.7,car,0.758,0.758,others,0.0033
p011,p011_b07,S07,1646,65.8,914.4,279.1,959.7,365.9,car,0.7281,0.7281,others,0.028
p011,p011_b08,S07,1646,65.8,660.6,202.3,855.1,328.5,car,0.6177,0.6177,others,0.1755
p011,p011_b09,S07,1646,65.8,309.2,125.9,402.7,169.4,car,0.6165,0.6165,others,0.0122
p011,p011_b10,S07,1646,65.8,661.1,203.2,856.5,329.2,others,0.3789,0.3789,car,0.3363
p011,p011_b11,S07,1646,65.8,337.8,65.7,406.0,99.8,car,0.3381,0.3381,others,0.0748
p011,p011_b12,S07,1646,65.8,547.3,120.9,662.1,163.6,others,0.2791,0.2791,car,0.2186
p011,p011_b13,S07,1646,65.8,214.9,103.4,261.9,141.3,car,0.251,0.251,others,0.0315
p012,p012_b01,S14,131,5.2,396.3,239.0,531.9,481.6,bus,0.8709,0.8709,others,0.0027
p012,p012_b02,S14,131,5.2,576.7,254.2,612.0,293.9,car,0.5641,0.5641,others,0.0703
p012,p012_b03,S14,131,5.2,514.3,256.2,584.4,336.6,car,0.4624,0.4624,others,0.0563
p012,p012_b04,S14,131,5.2,650.5,294.3,703.5,328.1,car,0.4512,0.4512,others,0.024
p012,p012_b05,S14,131,5.2,600.3,245.1,633.5,268.5,car,0.4408,0.4408,others,0.058
p012,p012_b06,S14,131,5.2,532.0,215.3,555.8,233.8,car,0.3887,0.3887,others,0.0931
p012,p012_b07,S14,131,5.2,449.5,205.7,500.4,248.5,bus,0.3456,0.3456,others,0.0697
p012,p012_b08,S14,131,5.2,515.3,232.9,584.0,336.9,others,0.2874,0.2874,bus,0.1152
p013,p013_b01,S27,801,32.0,13.7,56.9,147.2,114.0,car,0.8227,0.8227,others,0.0513
p013,p013_b02,S27,801,32.0,632.4,96.2,766.8,159.5,car,0.817,0.817,others,0.0144
p013,p013_b03,S27,801,32.0,724.3,44.1,944.7,105.5,bus,0.6252,0.6252,others,0.0822
p013,p013_b04,S27,801,32.0,718.7,125.2,857.4,190.5,car,0.4268,0.4268,others,0.0123
p013,p013_b05,S27,801,32.0,939.4,83.1,959.6,107.2,car,0.4251,0.4251,others,0.0103
p014,p014_b01,S18,601,24.0,707.1,218.4,829.8,320.7,car,0.8527,0.8527,others,0.0157
p014,p014_b02,S18,601,24.0,584.5,373.9,773.1,538.7,car,0.8296,0.8296,others,0.0468
p014,p014_b03,S18,601,24.0,848.7,119.4,926.7,175.6,car,0.8271,0.8271,others,0.0059
p014,p014_b04,S18,601,24.0,508.3,146.7,587.6,218.7,car,0.7549,0.7549,others,0.0688
p014,p014_b05,S18,601,24.0,535.5,184.6,625.0,304.5,car,0.6865,0.6865,others,0.0857
p014,p014_b06,S18,601,24.0,757.0,40.3,801.5,75.0,car,0.6806,0.6806,others,0.0424
p014,p014_b07,S18,601,24.0,627.6,62.0,672.7,104.6,car,0.6806,0.6806,others,0.031
p014,p014_b08,S18,601,24.0,571.9,92.7,628.0,147.4,car,0.68,0.68,others,0.0311
p014,p014_b09,S18,601,24.0,715.8,51.5,764.0,90.5,car,0.5982,0.5982,others,0.0457
p014,p014_b10,S18,601,24.0,905.9,84.4,959.6,130.1,car,0.5759,0.5759,others,0.0727
p014,p014_b11,S18,601,24.0,561.6,35.2,598.0,71.2,car,0.5677,0.5677,others,0.0403
p014,p014_b12,S18,601,24.0,806.1,58.0,856.8,94.9,car,0.5177,0.5177,others,0.1036
p014,p014_b13,S18,601,24.0,484.9,26.2,549.3,104.4,others,0.4446,0.4446,bus,0.3326
p014,p014_b14,S18,601,24.0,607.7,25.7,636.9,45.6,car,0.4106,0.4106,others,0.0243
p014,p014_b15,S18,601,24.0,749.6,4.0,773.3,27.7,car,0.3271,0.3271,others,0.0747
p014,p014_b16,S18,601,24.0,710.3,27.3,742.9,55.3,car,0.315,0.315,others,0.1116
p015,p015_b01,S06,1,0.0,631.3,321.8,959.5,538.4,car,0.8868,0.8868,others,0.014
p015,p015_b02,S06,1,0.0,252.9,147.1,349.9,210.0,car,0.8535,0.8535,others,0.0079
p015,p015_b03,S06,1,0.0,375.8,147.9,498.8,222.5,car,0.8534,0.8534,others,0.0188
p015,p015_b04,S06,1,0.0,0.5,218.8,95.4,319.7,car,0.8119,0.8119,others,0.1023
p015,p015_b05,S06,1,0.0,639.2,152.9,781.3,216.6,car,0.7321,0.7321,others,0.0053
p015,p015_b06,S06,1,0.0,233.6,97.4,306.2,143.3,car,0.5739,0.5739,others,0.0511
p015,p015_b07,S06,1,0.0,111.3,90.9,161.3,125.2,car,0.5271,0.5271,others,0.105
p015,p015_b08,S06,1,0.0,787.7,127.7,909.9,166.7,car,0.5016,0.5016,others,0.0322
p015,p015_b09,S06,1,0.0,307.6,35.1,417.3,102.3,bus,0.4802,0.4802,train,0.0018
p015,p015_b10,S06,1,0.0,164.8,104.9,228.8,150.1,car,0.4347,0.4347,others,0.0507
p015,p015_b11,S06,1,0.0,271.9,29.7,416.3,103.3,bus,0.4236,0.4236,others,0.0015
p015,p015_b12,S06,1,0.0,271.5,23.9,351.8,90.5,bus,0.2926,0.2926,others,0.0043
p015,p015_b13,S06,1,0.0,559.0,64.7,586.7,82.0,car,0.2747,0.2747,others,0.0133
p016,p016_b01,S22,401,16.0,658.1,343.1,775.1,453.2,car,0.7998,0.7998,others,0.0347
p016,p016_b02,S22,401,16.0,616.9,188.0,679.9,245.4,car,0.7753,0.7753,others,0.0281
p016,p016_b03,S22,401,16.0,848.8,362.8,959.5,476.6,car,0.7609,0.7609,others,0.0757
p016,p016_b04,S22,401,16.0,393.5,198.9,455.3,259.4,car,0.7491,0.7491,others,0.0588
p016,p016_b05,S22,401,16.0,815.2,140.3,871.9,176.7,car,0.7406,0.7406,others,0.0697
p016,p016_b06,S22,401,16.0,339.9,155.8,396.7,211.9,car,0.7395,0.7395,others,0.0851
p016,p016_b07,S22,401,16.0,589.1,109.9,624.8,137.9,car,0.7034,0.7034,others,0.0201
p016,p016_b08,S22,401,16.0,217.2,118.7,280.9,186.1,others,0.6904,0.6904,bus,0.1579
p016,p016_b09,S22,401,16.0,353.7,107.2,390.1,136.1,car,0.6423,0.6423,others,0.0814
p016,p016_b10,S22,401,16.0,674.0,117.3,717.9,158.1,car,0.6393,0.6393,others,0.0877
p016,p016_b11,S22,401,16.0,415.2,104.2,450.7,137.0,car,0.6151,0.6151,others,0.1209
p016,p016_b12,S22,401,16.0,383.2,97.1,415.2,116.0,car,0.5609,0.5609,others,0.1291
p016,p016_b13,S22,401,16.0,452.2,129.4,496.1,172.7,car,0.5187,0.5187,others,0.0663
p016,p016_b14,S22,401,16.0,630.7,96.6,659.2,114.1,car,0.4707,0.4707,others,0.1389
p016,p016_b15,S22,401,16.0,480.0,98.3,511.1,124.9,car,0.4171,0.4171,others,0.1108
p017,p017_b01,S14,116,4.6,401.8,232.9,519.3,449.0,bus,0.7996,0.7996,others,0.0295
p017,p017_b02,S14,116,4.6,621.1,245.0,661.6,297.2,car,0.4831,0.4831,others,0.1284
p017,p017_b03,S14,116,4.6,514.6,227.7,581.4,324.1,bus,0.4544,0.4544,car,0.1363
p017,p017_b04,S14,116,4.6,567.1,246.6,602.9,281.3,car,0.3942,0.3942,others,0.0159
p017,p017_b05,S14,116,4.6,618.8,243.8,662.1,297.6,others,0.3411,0.3411,car,0.1747
p017,p017_b06,S14,116,4.6,530.6,209.0,549.9,227.9,car,0.2713,0.2713,others,0.0598
p017,p017_b07,S14,116,4.6,549.5,229.5,602.8,281.4,car,0.2558,0.2558,others,0.043
p018,p018_b01,S03,1,0.0,504.9,44.4,880.0,174.6,bus,0.8763,0.8763,train,0.0024
p018,p018_b02,S03,1,0.0,0.2,102.6,47.4,151.2,car,0.631,0.631,others,0.1542
p018,p018_b03,S03,1,0.0,70.6,96.8,203.1,142.2,car,0.4656,0.4656,others,0.0828
p019,p019_b01,S28,1340,53.56,283.6,201.5,398.5,281.7,car,0.8844,0.8844,others,0.0084
p019,p019_b02,S28,1340,53.56,205.1,240.4,317.1,333.5,car,0.884,0.884,others,0.0104
p019,p019_b03,S28,1340,53.56,671.8,214.9,845.1,296.0,car,0.8695,0.8695,others,0.0044
p019,p019_b04,S28,1340,53.56,0.4,162.5,185.8,363.8,bus,0.8578,0.8578,car,0.0089
p019,p019_b05,S28,1340,53.56,343.5,93.6,580.7,178.3,bus,0.7224,0.7224,others,0.0038
p019,p019_b06,S28,1340,53.56,283.8,141.0,356.7,179.9,car,0.7025,0.7025,others,0.0152
p019,p019_b07,S28,1340,53.56,110.1,140.6,160.6,180.0,car,0.6959,0.6959,others,0.0349
p019,p019_b08,S28,1340,53.56,240.0,107.6,288.5,142.4,car,0.4635,0.4635,others,0.0159
p019,p019_b09,S28,1340,53.56,92.6,116.1,126.9,143.8,car,0.382,0.382,others,0.0798
p020,p020_b01,S25,505,20.16,718.9,267.2,804.5,315.3,car,0.8529,0.8529,others,0.0018
p020,p020_b02,S25,505,20.16,529.1,309.9,653.8,374.4,car,0.843,0.843,others,0.0021
p020,p020_b03,S25,505,20.16,466.1,290.0,581.0,346.2,car,0.8024,0.8024,others,0.0014
p020,p020_b04,S25,505,20.16,892.7,238.4,954.9,272.2,car,0.6778,0.6778,others,0.0101
p020,p020_b05,S25,505,20.16,671.1,194.1,809.2,275.5,bus,0.6509,0.6509,train,0.0018
p020,p020_b06,S25,505,20.16,725.7,195.2,810.5,275.1,bus,0.336,0.336,others,0.013
p020,p020_b07,S25,505,20.16,672.0,245.4,750.5,276.9,bus,0.3105,0.3105,car,0.0213
p021,p021_b01,S08,951,38.0,490.5,243.0,644.6,337.5,car,0.8543,0.8543,others,0.0041
p021,p021_b02,S08,951,38.0,360.7,194.3,471.3,263.9,car,0.8425,0.8425,others,0.004
p021,p021_b03,S08,951,38.0,540.9,206.1,702.5,286.9,car,0.8182,0.8182,others,0.0042
p021,p021_b04,S08,951,38.0,865.7,226.8,959.5,317.2,car,0.7824,0.7824,others,0.0169
p021,p021_b05,S08,951,38.0,307.0,168.0,381.1,222.2,car,0.7685,0.7685,others,0.0084
p021,p021_b06,S08,951,38.0,891.5,320.1,959.8,397.3,car,0.7677,0.7677,others,0.0057
p021,p021_b07,S08,951,38.0,711.1,228.6,884.3,345.2,car,0.7666,0.7666,others,0.0248
p021,p021_b08,S08,951,38.0,543.8,157.6,662.1,220.6,car,0.7629,0.7629,others,0.0152
p021,p021_b09,S08,951,38.0,659.6,286.7,925.5,467.7,car,0.6895,0.6895,others,0.0844
p021,p021_b10,S08,951,38.0,672.4,191.0,826.3,266.1,car,0.5899,0.5899,others,0.0101
p021,p021_b11,S08,951,38.0,599.3,130.5,688.9,153.6,car,0.4236,0.4236,others,0.0434
p021,p021_b12,S08,951,38.0,252.9,144.7,319.2,194.6,car,0.3643,0.3643,others,0.0741
p021,p021_b13,S08,951,38.0,454.0,129.7,534.2,184.6,car,0.3403,0.3403,others,0.0181
p021,p021_b14,S08,951,38.0,773.6,171.6,897.9,202.5,others,0.2644,0.2644,car,0.0677
p021,p021_b15,S08,951,38.0,59.7,392.1,206.8,538.3,car,0.2526,0.2526,others,0.0427
p022,p022_b01,S19,1301,52.0,725.3,76.6,789.8,112.6,car,0.836,0.836,others,0.0372
p022,p022_b02,S19,1301,52.0,396.4,102.0,502.2,147.1,car,0.8348,0.8348,others,0.0068
p022,p022_b03,S19,1301,52.0,629.6,67.7,694.3,96.4,car,0.8295,0.8295,others,0.0142
p022,p022_b04,S19,1301,52.0,493.7,196.1,640.7,292.7,car,0.813,0.813,others,0.0461
p022,p022_b05,S19,1301,52.0,143.0,108.9,251.8,173.1,car,0.7426,0.7426,others,0.0838
p022,p022_b06,S19,1301,52.0,429.4,140.9,549.6,186.2,car,0.6376,0.6376,others,0.0053
p022,p022_b07,S19,1301,52.0,831.4,77.8,891.2,100.5,car,0.3759,0.3759,others,0.0188
p023,p023_b01,S10,1951,78.0,514.9,350.2,606.5,441.7,car,0.8365,0.8365,others,0.0411
p023,p023_b02,S10,1951,78.0,143.3,430.9,280.4,540.0,car,0.8046,0.8046,others,0.0226
p023,p023_b03,S10,1951,78.0,504.0,432.6,631.5,538.8,car,0.7878,0.7878,others,0.0158
p023,p023_b04,S10,1951,78.0,72.2,176.8,134.7,220.5,car,0.7813,0.7813,others,0.0893
p023,p023_b05,S10,1951,78.0,362.0,394.6,462.5,520.1,car,0.7804,0.7804,others,0.0742
p023,p023_b06,S10,1951,78.0,0.1,475.4,86.4,540.0,car,0.7612,0.7612,others,0.0033
p023,p023_b07,S10,1951,78.0,156.1,169.1,217.1,210.0,car,0.7184,0.7184,others,0.0672
p023,p023_b08,S10,1951,78.0,379.5,305.7,460.2,392.0,car,0.7103,0.7103,others,0.1101
p023,p023_b09,S10,1951,78.0,218.6,333.4,331.0,442.6,car,0.6952,0.6952,others,0.1884
p023,p023_b10,S10,1951,78.0,695.5,143.6,752.1,179.1,car,0.6916,0.6916,others,0.0876
p023,p023_b11,S10,1951,78.0,130.5,307.9,211.1,389.0,car,0.6637,0.6637,others,0.0826
p023,p023_b12,S10,1951,78.0,25.5,368.9,161.6,480.7,car,0.5753,0.5753,others,0.2487
p023,p023_b13,S10,1951,78.0,942.8,333.6,959.7,389.6,car,0.5623,0.5623,others,0.0966
p023,p023_b14,S10,1951,78.0,188.3,240.1,272.4,315.4,others,0.4827,0.4827,car,0.1894
p023,p023_b15,S10,1951,78.0,192.7,133.1,240.4,166.4,car,0.4646,0.4646,others,0.1175
p023,p023_b16,S10,1951,78.0,186.8,242.8,270.1,316.1,car,0.447,0.447,others,0.1125
p023,p023_b17,S10,1951,78.0,137.6,136.1,176.8,169.7,car,0.2793,0.2793,others,0.0199
p024,p024_b01,S14,101,4.0,757.3,451.1,912.7,538.9,car,0.7021,0.7021,others,0.0145
p024,p024_b02,S14,101,4.0,604.2,244.0,642.0,273.7,car,0.626,0.626,others,0.0461
p024,p024_b03,S14,101,4.0,403.3,226.6,515.1,426.0,bus,0.525,0.525,others,0.2225
p024,p024_b04,S14,101,4.0,515.6,243.8,580.7,311.9,car,0.3997,0.3997,bus,0.1334
p024,p024_b05,S14,101,4.0,896.4,229.8,931.6,244.2,car,0.3584,0.3584,others,0.0094
p024,p024_b06,S14,101,4.0,515.5,243.5,580.1,312.2,bus,0.2925,0.2925,car,0.2234
p024,p024_b07,S14,101,4.0,526.0,205.9,545.5,221.4,car,0.2603,0.2603,others,0.0407
p025,p025_b01,S02,1201,48.0,722.0,302.0,867.0,416.1,car,0.86,0.86,others,0.0056
p025,p025_b02,S02,1201,48.0,621.3,160.0,695.9,227.7,car,0.8551,0.8551,others,0.0139
p025,p025_b03,S02,1201,48.0,169.6,270.4,289.0,381.7,car,0.8329,0.8329,others,0.0162
p025,p025_b04,S02,1201,48.0,413.0,138.0,472.7,193.4,car,0.8084,0.8084,others,0.0357
p025,p025_b05,S02,1201,48.0,536.3,202.8,625.7,282.8,car,0.8069,0.8069,others,0.0259
p025,p025_b06,S02,1201,48.0,350.8,107.3,401.5,157.5,car,0.7987,0.7987,others,0.0802
p025,p025_b07,S02,1201,48.0,301.1,296.0,439.2,481.7,car,0.7966,0.7966,others,0.0968
p025,p025_b08,S02,1201,48.0,702.2,72.5,880.9,226.3,bus,0.656,0.656,others,0.081
p025,p025_b09,S02,1201,48.0,0.1,221.1,81.6,461.0,bus,0.5994,0.5994,others,0.1485
p025,p025_b10,S02,1201,48.0,146.1,111.0,168.8,135.2,car,0.376,0.376,others,0.0301
p025,p025_b11,S02,1201,48.0,0.2,220.7,82.0,458.5,others,0.2751,0.2751,bus,0.227
p026,p026_b01,S07,1636,65.4,452.3,192.5,607.9,271.9,car,0.9125,0.9125,others,0.0099
p026,p026_b02,S07,1636,65.4,434.4,250.0,629.3,353.6,car,0.8907,0.8907,others,0.0027
p026,p026_b03,S07,1636,65.4,211.5,156.3,313.7,210.8,car,0.8757,0.8757,others,0.0149
p026,p026_b04,S07,1636,65.4,463.9,128.2,566.2,180.1,car,0.8198,0.8198,others,0.0253
p026,p026_b05,S07,1636,65.4,326.2,158.1,437.7,235.1,car,0.7696,0.7696,others,0.0806
p026,p026_b06,S07,1636,65.4,0.0,126.5,221.8,247.5,bus,0.7436,0.7436,others,0.0896
p026,p026_b07,S07,1636,65.4,914.4,279.7,959.8,365.7,car,0.7369,0.7369,others,0.0242
p026,p026_b08,S07,1636,65.4,288.2,119.8,372.0,162.9,car,0.7142,0.7142,others,0.0154
p026,p026_b09,S07,1636,65.4,660.5,203.6,855.6,329.1,car,0.6213,0.6213,others,0.1422
p026,p026_b10,S07,1636,65.4,336.8,69.7,401.9,99.5,car,0.2748,0.2748,others,0.0533
p026,p026_b11,S07,1636,65.4,185.4,61.9,328.9,124.5,bus,0.2712,0.2712,others,0.0376
p027,p027_b01,S09,1,0.0,374.8,125.4,458.4,159.8,car,0.8643,0.8643,others,0.0108
p027,p027_b02,S09,1,0.0,103.5,176.9,203.2,228.0,car,0.8548,0.8548,others,0.0114
p027,p027_b03,S09,1,0.0,120.4,228.0,259.7,321.6,car,0.8325,0.8325,others,0.0325
p027,p027_b04,S09,1,0.0,741.4,196.2,907.2,263.3,car,0.7599,0.7599,others,0.0162
p027,p027_b05,S09,1,0.0,715.7,142.0,839.8,188.6,car,0.7468,0.7468,others,0.0719
p027,p027_b06,S09,1,0.0,214.5,99.8,278.8,128.4,car,0.712,0.712,others,0.0123
p027,p027_b07,S09,1,0.0,94.0,108.3,152.6,131.2,car,0.5406,0.5406,others,0.0167
p028,p028_b01,S17,501,20.0,714.2,359.1,844.6,452.2,car,0.8707,0.8707,others,0.0028
p028,p028_b02,S17,501,20.0,251.3,364.6,398.5,533.4,car,0.8002,0.8002,others,0.0541
p028,p028_b03,S17,501,20.0,345.2,242.8,411.1,304.9,car,0.7239,0.7239,others,0.0582
p028,p028_b04,S17,501,20.0,451.8,215.5,506.5,270.1,car,0.6931,0.6931,others,0.0288
p028,p028_b05,S17,501,20.0,385.9,182.6,429.6,224.6,car,0.5615,0.5615,others,0.1814
p028,p028_b06,S17,501,20.0,532.1,170.3,566.5,192.1,car,0.5436,0.5436,others,0.0768
p029,p029_b01,S23,151,6.0,475.9,96.6,624.5,264.2,bus,0.8566,0.8566,others,0.0457
p029,p029_b02,S23,151,6.0,663.4,192.9,745.0,284.6,car,0.8368,0.8368,others,0.0315
p029,p029_b03,S23,151,6.0,792.3,98.5,841.5,132.6,car,0.7576,0.7576,others,0.0235
p029,p029_b04,S23,151,6.0,617.8,102.9,662.9,150.2,car,0.743,0.743,others,0.0122
p029,p029_b05,S23,151,6.0,628.0,446.5,780.6,539.1,car,0.6742,0.6742,others,0.0222
p029,p029_b06,S23,151,6.0,693.7,97.2,739.7,133.6,car,0.4999,0.4999,others,0.0304
p029,p029_b07,S23,151,6.0,416.3,97.9,533.1,224.1,bus,0.2652,0.2652,others,0.0269
p030,p030_b01,S22,901,36.0,0.0,338.3,107.7,446.6,car,0.8827,0.8827,others,0.0035
p030,p030_b02,S22,901,36.0,349.0,155.3,399.1,215.6,car,0.8398,0.8398,others,0.0321
p030,p030_b03,S22,901,36.0,447.6,143.1,492.5,185.3,car,0.808,0.808,others,0.0272
p030,p030_b04,S22,901,36.0,367.9,238.9,447.3,309.9,car,0.7941,0.7941,others,0.0324
p030,p030_b05,S22,901,36.0,0.5,454.9,117.9,539.3,car,0.7391,0.7391,others,0.0028
p030,p030_b06,S22,901,36.0,634.6,231.5,723.6,334.4,car,0.7219,0.7219,others,0.0875
p030,p030_b07,S22,901,36.0,480.5,98.9,512.3,126.5,car,0.7042,0.7042,others,0.0373
p030,p030_b08,S22,901,36.0,935.6,453.4,959.7,517.1,car,0.6793,0.6793,others,0.0176
p030,p030_b09,S22,901,36.0,429.1,99.4,461.1,126.8,car,0.6686,0.6686,others,0.0583
p030,p030_b10,S22,901,36.0,380.0,133.6,418.6,169.7,car,0.663,0.663,others,0.1243
p030,p030_b11,S22,901,36.0,262.5,185.3,359.0,296.0,car,0.655,0.655,others,0.1364
p030,p030_b12,S22,901,36.0,304.8,133.6,347.8,175.6,car,0.606,0.606,others,0.1317
p030,p030_b13,S22,901,36.0,362.4,103.4,398.0,133.1,car,0.5589,0.5589,others,0.182
p030,p030_b14,S22,901,36.0,311.5,98.6,346.4,130.6,car,0.3742,0.3742,others,0.2105
p031,p031_b01,S18,801,32.0,350.6,133.3,532.7,390.7,bus,0.8819,0.8819,others,0.0023
p031,p031_b02,S18,801,32.0,576.0,235.1,684.7,339.5,car,0.8756,0.8756,others,0.0148
p031,p031_b03,S18,801,32.0,829.2,82.8,899.5,129.5,car,0.8251,0.8251,others,0.015
p031,p031_b04,S18,801,32.0,653.9,87.7,708.6,134.9,car,0.7649,0.7649,others,0.0151
p031,p031_b05,S18,801,32.0,770.6,41.2,820.3,87.8,car,0.6541,0.6541,others,0.1353
p031,p031_b06,S18,801,32.0,581.0,91.8,634.4,134.2,car,0.6316,0.6316,others,0.0265
p031,p031_b07,S18,801,32.0,482.0,105.9,541.5,153.6,car,0.6269,0.6269,others,0.0599
p031,p031_b08,S18,801,32.0,577.5,130.9,641.2,209.1,car,0.623,0.623,others,0.0991
p031,p031_b09,S18,801,32.0,727.7,23.4,758.6,50.8,car,0.6172,0.6172,others,0.0377
p031,p031_b10,S18,801,32.0,495.5,41.3,529.6,74.3,car,0.6139,0.6139,others,0.035
p031,p031_b11,S18,801,32.0,606.9,24.6,642.2,56.6,car,0.527,0.527,others,0.0683
p031,p031_b12,S18,801,32.0,666.7,24.4,699.5,50.5,car,0.483,0.483,others,0.0678
p031,p031_b13,S18,801,32.0,758.4,20.9,798.8,49.2,car,0.4334,0.4334,others,0.1037
p031,p031_b14,S18,801,32.0,545.2,38.5,597.1,84.2,car,0.3451,0.3451,others,0.1338
p031,p031_b15,S18,801,32.0,709.8,23.3,734.7,40.8,car,0.3423,0.3423,others,0.0281
p032,p032_b01,S27,1,0.0,0.2,5.1,107.6,64.9,car,0.8899,0.8899,others,0.0055
p032,p032_b02,S27,1,0.0,521.5,295.1,794.6,471.9,car,0.8641,0.8641,others,0.0104
p032,p032_b03,S27,1,0.0,812.1,46.2,904.7,91.3,car,0.79,0.79,others,0.0143
p032,p032_b04,S27,1,0.0,630.2,94.9,774.5,155.7,car,0.7821,0.7821,others,0.008
p032,p032_b05,S27,1,0.0,902.8,185.1,959.7,268.4,car,0.7172,0.7172,others,0.032
p032,p032_b06,S27,1,0.0,1.3,449.5,288.0,535.6,car,0.6854,0.6854,others,0.0309
p033,p033_b01,S10,1551,62.0,361.3,392.7,464.0,515.8,car,0.8775,0.8775,others,0.0152
p033,p033_b02,S10,1551,62.0,510.7,345.2,605.2,440.6,car,0.8538,0.8538,others,0.039
p033,p033_b03,S10,1551,62.0,505.4,430.3,631.3,539.1,car,0.8104,0.8104,others,0.0029
p033,p033_b04,S10,1551,62.0,130.9,303.6,209.5,386.8,car,0.7773,0.7773,others,0.0711
p033,p033_b05,S10,1551,62.0,1.4,475.1,85.6,540.0,car,0.7743,0.7743,others,0.0023
p033,p033_b06,S10,1551,62.0,378.1,303.1,460.5,389.9,car,0.7608,0.7608,others,0.0381
p033,p033_b07,S10,1551,62.0,187.2,127.6,300.2,179.1,bus,0.7224,0.7224,others,0.022
p033,p033_b08,S10,1551,62.0,27.6,363.6,162.4,477.0,car,0.6796,0.6796,others,0.107
p033,p033_b09,S10,1551,62.0,0.1,201.2,147.3,355.0,bus,0.6246,0.6246,others,0.0258
p033,p033_b10,S10,1551,62.0,188.3,237.8,271.1,312.5,car,0.5766,0.5766,others,0.1261
p033,p033_b11,S10,1551,62.0,141.0,428.2,278.0,539.4,car,0.5726,0.5726,others,0.0104
p033,p033_b12,S10,1551,62.0,1.0,178.6,190.6,356.7,bus,0.5267,0.5267,others,0.0093
p033,p033_b13,S10,1551,62.0,77.5,167.4,191.6,285.2,bus,0.3729,0.3729,others,0.0042
p034,p034_b01,S10,751,30.0,355.2,429.1,463.2,540.0,car,0.8686,0.8686,others,0.0203
p034,p034_b02,S10,751,30.0,55.1,370.4,175.6,482.1,car,0.7861,0.7861,others,0.1164
p034,p034_b03,S10,751,30.0,14.2,206.9,93.4,256.8,car,0.7794,0.7794,others,0.0443
p034,p034_b04,S10,751,30.0,507.7,464.3,628.1,538.9,car,0.7329,0.7329,others,0.0227
p034,p034_b05,S10,751,30.0,271.6,285.1,351.2,364.4,car,0.7031,0.7031,others,0.1578
p034,p034_b06,S10,751,30.0,187.1,248.4,265.7,313.8,car,0.6095,0.6095,others,0.0855
p034,p034_b07,S10,751,30.0,229.1,129.8,262.0,138.7,car,0.3383,0.3383,others,0.0435
p034,p034_b08,S10,751,30.0,928.8,305.1,959.5,345.6,car,0.3165,0.3165,others,0.1029
p035,p035_b01,S05,651,26.0,324.4,417.9,562.5,539.7,car,0.7776,0.7776,others,0.0366
p035,p035_b02,S05,651,26.0,817.3,165.5,862.6,199.0,car,0.7333,0.7333,others,0.1188
p035,p035_b03,S05,651,26.0,744.5,218.3,787.3,267.9,car,0.6619,0.6619,others,0.0664
p035,p035_b04,S05,651,26.0,5.3,387.7,380.9,539.5,car,0.6219,0.6219,others,0.013
p035,p035_b05,S05,651,26.0,682.9,291.9,801.1,389.4,car,0.6035,0.6035,others,0.1666
p035,p035_b06,S05,651,26.0,545.7,202.6,626.2,241.8,car,0.5182,0.5182,others,0.0422
p036,p036_b01,S27,401,16.0,1.2,50.9,139.3,109.4,car,0.8939,0.8939,others,0.0151
p036,p036_b02,S27,401,16.0,347.9,29.5,763.5,152.2,bus,0.8912,0.8912,train,0.0011
p036,p036_b03,S27,401,16.0,183.6,164.3,431.6,283.1,car,0.8435,0.8435,others,0.0048
p036,p036_b04,S27,401,16.0,853.7,81.6,958.6,132.7,car,0.7853,0.7853,others,0.0086
p037,p037_b01,S01,101,4.0,508.3,199.4,582.9,303.9,bus,0.8322,0.8322,others,0.0126
p037,p037_b02,S01,101,4.0,414.1,187.2,497.2,329.8,bus,0.7902,0.7902,others,0.0336
p037,p037_b03,S01,101,4.0,586.1,201.7,688.3,296.1,bus,0.5455,0.5455,others,0.0137
p037,p037_b04,S01,101,4.0,585.7,202.3,633.9,292.9,bus,0.323,0.323,others,0.007
p037,p037_b05,S01,101,4.0,0.9,385.9,300.7,536.3,others,0.2542,0.2542,bench,0.0047
p038,p038_b01,S14,106,4.2,609.8,244.8,656.8,281.6,car,0.6954,0.6954,others,0.048
p038,p038_b02,S14,106,4.2,403.3,227.7,517.1,432.8,bus,0.6575,0.6575,others,0.1091
p038,p038_b03,S14,106,4.2,799.6,495.9,938.9,539.8,car,0.5742,0.5742,others,0.0121
p038,p038_b04,S14,106,4.2,515.0,243.7,579.9,317.5,bus,0.3851,0.3851,car,0.2084
p038,p038_b05,S14,106,4.2,515.6,244.5,579.6,316.9,car,0.369,0.369,bus,0.2611
p038,p038_b06,S14,106,4.2,570.9,239.2,593.1,272.8,car,0.3667,0.3667,others,0.0404
p038,p038_b07,S14,106,4.2,449.3,206.4,499.9,255.7,bus,0.3176,0.3176,others,0.1046
p039,p039_b01,S04,951,38.0,27.7,202.4,212.7,367.0,bus,0.8982,0.8982,others,0.0003
p039,p039_b02,S04,951,38.0,0.5,429.9,134.2,539.4,car,0.8944,0.8944,others,0.0025
p039,p039_b03,S04,951,38.0,167.9,415.9,290.0,538.3,car,0.8635,0.8635,others,0.0231
p039,p039_b04,S04,951,38.0,359.8,332.7,455.9,448.9,car,0.8112,0.8112,others,0.0596
p039,p039_b05,S04,951,38.0,256.4,313.9,339.4,397.1,car,0.7548,0.7548,others,0.0497
p039,p039_b06,S04,951,38.0,182.0,280.7,260.4,350.4,car,0.7148,0.7148,others,0.0221
p039,p039_b07,S04,951,38.0,305.2,250.6,367.4,312.1,car,0.7119,0.7119,others,0.0368
p039,p039_b08,S04,951,38.0,250.3,224.4,308.0,272.3,car,0.605,0.605,others,0.0377
p039,p039_b09,S04,951,38.0,222.6,128.9,318.8,214.2,bus,0.5831,0.5831,others,0.0829
p039,p039_b10,S04,951,38.0,338.9,142.0,424.8,239.5,bus,0.5753,0.5753,others,0.102
p039,p039_b11,S04,951,38.0,544.4,105.3,570.4,125.9,car,0.5418,0.5418,others,0.0249
p039,p039_b12,S04,951,38.0,310.7,177.3,341.6,215.1,car,0.4285,0.4285,others,0.0096
p040,p040_b01,S07,1666,66.6,323.4,158.0,437.0,235.8,car,0.8873,0.8873,others,0.0182
p040,p040_b02,S07,1666,66.6,451.7,191.1,607.6,272.2,car,0.881,0.881,others,0.003
p040,p040_b03,S07,1666,66.6,38.9,132.4,346.6,286.9,bus,0.8695,0.8695,others,0.0024
p040,p040_b04,S07,1666,66.6,771.8,329.4,959.4,459.4,car,0.8591,0.8591,others,0.0044
p040,p040_b05,S07,1666,66.6,588.3,138.3,714.7,199.0,car,0.8124,0.8124,others,0.0252
p040,p040_b06,S07,1666,66.6,659.5,203.9,855.4,329.3,car,0.7239,0.7239,others,0.0569
p040,p040_b07,S07,1666,66.6,384.3,139.4,498.3,193.9,car,0.6783,0.6783,others,0.0119
p040,p040_b08,S07,1666,66.6,222.6,102.5,298.0,146.5,car,0.6334,0.6334,others,0.0567
p040,p040_b09,S07,1666,66.6,915.6,279.0,959.8,350.4,car,0.6238,0.6238,others,0.008
p040,p040_b10,S07,1666,66.6,629.4,125.4,849.4,178.6,others,0.3597,0.3597,car,0.0031
p040,p040_b11,S07,1666,66.6,245.4,61.5,390.9,131.0,bus,0.2871,0.2871,others,0.0483
p041,p041_b01,S26,701,28.0,414.1,253.9,612.3,375.8,car,0.8626,0.8626,others,0.0068
p041,p041_b02,S26,701,28.0,103.5,172.7,190.1,245.3,car,0.7556,0.7556,others,0.1106
p041,p041_b03,S26,701,28.0,244.5,90.0,298.1,120.5,car,0.7355,0.7355,others,0.0858
p041,p041_b04,S26,701,28.0,574.4,470.0,815.0,538.7,car,0.6447,0.6447,others,0.0295
p041,p041_b05,S26,701,28.0,695.2,208.3,900.8,294.9,car,0.628,0.628,bus,0.1277
p041,p041_b06,S26,701,28.0,165.0,87.6,192.0,113.6,car,0.4243,0.4243,others,0.1209
p041,p041_b07,S26,701,28.0,693.5,209.1,900.7,295.9,bus,0.3588,0.3588,car,0.2283
p042,p042_b01,S25,855,34.16,694.2,264.5,776.2,308.1,car,0.9017,0.9017,others,0.0083
p042,p042_b02,S25,855,34.16,164.2,324.8,329.5,406.2,car,0.8866,0.8866,others,0.0035
p042,p042_b03,S25,855,34.16,0.0,393.1,108.5,479.9,car,0.8726,0.8726,others,0.0023
p042,p042_b04,S25,855,34.16,588.1,299.7,700.1,358.1,car,0.8705,0.8705,others,0.002
p042,p042_b05,S25,855,34.16,863.2,245.1,926.5,281.9,car,0.83,0.83,others,0.0142
p042,p042_b06,S25,855,34.16,781.3,237.3,843.4,280.2,car,0.6979,0.6979,others,0.0358
p042,p042_b07,S25,855,34.16,927.1,224.9,959.7,251.3,car,0.5993,0.5993,others,0.0088
p042,p042_b08,S25,855,34.16,841.0,224.7,880.3,249.5,car,0.4489,0.4489,others,0.0439
p043,p043_b01,S03,2001,80.0,107.9,100.2,235.6,155.8,car,0.8659,0.8659,others,0.0203
p043,p043_b02,S03,2001,80.0,864.0,208.6,959.4,308.7,car,0.8619,0.8619,others,0.0166
p043,p043_b03,S03,2001,80.0,551.1,391.8,880.4,537.0,car,0.8373,0.8373,others,0.0198
p043,p043_b04,S03,2001,80.0,0.1,117.8,86.1,168.3,car,0.7384,0.7384,others,0.0058
p044,p044_b01,S14,126,5.0,399.8,237.3,529.2,469.7,bus,0.8732,0.8732,others,0.0019
p044,p044_b02,S14,126,5.0,576.3,251.2,609.2,289.6,car,0.665,0.665,others,0.0634
p044,p044_b03,S14,126,5.0,514.9,226.3,583.9,333.4,bus,0.3861,0.3861,others,0.2507
p044,p044_b04,S14,126,5.0,449.6,206.3,500.3,250.3,bus,0.3237,0.3237,others,0.078
p044,p044_b05,S14,126,5.0,515.3,229.2,583.2,333.5,others,0.3202,0.3202,bus,0.2606
p044,p044_b06,S14,126,5.0,532.4,211.7,552.2,232.4,car,0.2916,0.2916,others,0.0559
p044,p044_b07,S14,126,5.0,595.8,245.4,628.2,265.1,car,0.2801,0.2801,others,0.0369
p045,p045_b01,S14,111,4.4,402.1,229.3,517.5,437.9,bus,0.7894,0.7894,others,0.0123
p045,p045_b02,S14,111,4.4,617.0,244.9,660.1,288.8,car,0.721,0.721,others,0.0564
p045,p045_b03,S14,111,4.4,566.9,240.9,598.3,278.2,car,0.5022,0.5022,others,0.0602
p045,p045_b04,S14,111,4.4,516.2,251.7,580.4,319.0,car,0.4498,0.4498,bus,0.3154
p045,p045_b05,S14,111,4.4,449.6,205.2,501.2,257.5,bus,0.2981,0.2981,others,0.0628
p045,p045_b06,S14,111,4.4,615.6,244.2,661.0,288.0,others,0.2848,0.2848,car,0.24
p045,p045_b07,S14,111,4.4,515.3,252.7,580.6,319.1,bus,0.2635,0.2635,others,0.2075
p046,p046_b01,S07,1661,66.4,451.5,191.1,607.2,271.9,car,0.8738,0.8738,others,0.0037
p046,p046_b02,S07,1661,66.4,697.7,314.9,958.8,456.7,car,0.8692,0.8692,others,0.0033
p046,p046_b03,S07,1661,66.4,561.8,133.7,685.4,194.2,car,0.8322,0.8322,others,0.0289
p046,p046_b04,S07,1661,66.4,18.3,119.0,317.2,279.7,bus,0.8265,0.8265,others,0.0175
p046,p046_b05,S07,1661,66.4,325.6,154.1,436.0,234.9,car,0.8262,0.8262,others,0.018
p046,p046_b06,S07,1661,66.4,658.8,202.6,853.9,319.1,car,0.7254,0.7254,others,0.0566
p046,p046_b07,S07,1661,66.4,914.3,279.4,959.7,370.4,car,0.723,0.723,others,0.0232
p046,p046_b08,S07,1661,66.4,373.0,136.3,469.2,187.7,car,0.6201,0.6201,others,0.0108
p046,p046_b09,S07,1661,66.4,220.3,101.5,287.4,145.2,car,0.5414,0.5414,others,0.0358
p046,p046_b10,S07,1661,66.4,485.8,84.6,597.1,150.9,others,0.3502,0.3502,car,0.0676
p046,p046_b11,S07,1661,66.4,616.6,125.4,746.7,173.0,car,0.2743,0.2743,others,0.1401
p047,p047_b01,S07,1641,65.6,476.0,260.9,683.3,371.9,car,0.9047,0.9047,others,0.0034
p047,p047_b02,S07,1641,65.6,451.2,192.5,610.0,268.8,car,0.8874,0.8874,others,0.0077
p047,p047_b03,S07,1641,65.6,218.9,156.2,313.5,211.6,car,0.8431,0.8431,others,0.0108
p047,p047_b04,S07,1641,65.6,325.1,158.7,437.4,235.7,car,0.7702,0.7702,others,0.0892
p047,p047_b05,S07,1641,65.6,479.4,129.6,587.5,182.6,car,0.7461,0.7461,others,0.0424
p047,p047_b06,S07,1641,65.6,914.4,277.8,959.8,366.1,car,0.7146,0.7146,others,0.0368
p047,p047_b07,S07,1641,65.6,297.3,124.3,385.3,167.5,car,0.697,0.697,others,0.02
p047,p047_b08,S07,1641,65.6,0.0,119.6,236.5,253.0,bus,0.6455,0.6455,others,0.1726
p047,p047_b09,S07,1641,65.6,660.8,202.5,855.5,328.9,car,0.5177,0.5177,others,0.2222
p047,p047_b10,S07,1641,65.6,660.9,202.2,856.6,329.4,others,0.464,0.464,car,0.2793
p047,p047_b11,S07,1641,65.6,192.3,62.5,334.7,125.6,bus,0.332,0.332,others,0.0457
p047,p047_b12,S07,1641,65.6,203.6,99.6,256.3,139.5,car,0.3231,0.3231,others,0.0273
p047,p047_b13,S07,1641,65.6,335.0,68.9,404.4,99.9,car,0.2926,0.2926,others,0.0678
p047,p047_b14,S07,1641,65.6,0.1,117.5,236.1,253.9,others,0.277,0.277,bus,0.2701
p047,p047_b15,S07,1641,65.6,82.4,103.2,230.6,162.2,car,0.265,0.265,others,0.0973
p048,p048_b01,S20,201,8.0,582.3,308.1,960.0,536.0,bus,0.9348,0.9348,car,0.0006
p048,p048_b02,S20,201,8.0,153.7,189.4,548.1,407.6,bus,0.9144,0.9144,person,0.0003
p048,p048_b03,S20,201,8.0,507.2,223.6,627.5,280.2,car,0.8928,0.8928,others,0.0055
p048,p048_b04,S20,201,8.0,784.0,192.5,959.3,311.6,bus,0.8743,0.8743,train,0.0005
p048,p048_b05,S20,201,8.0,667.1,251.9,813.5,319.6,car,0.8599,0.8599,others,0.0107
p048,p048_b06,S20,201,8.0,205.3,142.3,362.5,214.3,bus,0.8584,0.8584,train,0.0017
p048,p048_b07,S20,201,8.0,212.0,315.0,347.2,410.2,car,0.8537,0.8537,others,0.0021
p048,p048_b08,S20,201,8.0,80.9,249.8,166.2,310.8,car,0.8347,0.8347,others,0.0168
p048,p048_b09,S20,201,8.0,510.8,450.4,770.2,539.3,car,0.8277,0.8277,others,0.006
p048,p048_b10,S20,201,8.0,866.6,295.8,959.7,356.8,car,0.7792,0.7792,others,0.0164
p048,p048_b11,S20,201,8.0,587.3,213.0,700.6,263.3,car,0.7698,0.7698,others,0.011
p048,p048_b12,S20,201,8.0,12.1,220.1,71.5,262.1,car,0.7367,0.7367,others,0.0103
p048,p048_b13,S20,201,8.0,445.7,187.4,530.8,232.6,car,0.7357,0.7357,others,0.027
p048,p048_b14,S20,201,8.0,398.8,202.0,473.3,243.3,car,0.5462,0.5462,others,0.0045
p048,p048_b15,S20,201,8.0,98.5,211.7,160.0,259.2,car,0.5256,0.5256,others,0.0301
p048,p048_b16,S20,201,8.0,354.1,144.3,445.5,205.7,bus,0.4356,0.4356,others,0.0044
p049,p049_b01,S24,451,18.0,871.0,132.7,947.4,186.7,car,0.7846,0.7846,others,0.0583
p049,p049_b02,S24,451,18.0,522.2,185.7,599.8,259.0,car,0.7794,0.7794,others,0.0703
p049,p049_b03,S24,451,18.0,794.7,157.2,883.2,223.8,car,0.7245,0.7245,others,0.0853
p049,p049_b04,S24,451,18.0,658.3,154.9,727.2,218.1,car,0.7007,0.7007,others,0.0952
p049,p049_b05,S24,451,18.0,567.0,29.6,589.5,45.5,car,0.6008,0.6008,others,0.0476
p049,p049_b06,S24,451,18.0,518.2,69.0,552.8,101.2,car,0.5827,0.5827,others,0.0422
p049,p049_b07,S24,451,18.0,745.2,87.3,801.3,137.9,car,0.5419,0.5419,others,0.126
p049,p049_b08,S24,451,18.0,651.9,29.1,681.9,50.8,car,0.4175,0.4175,others,0.0765
p049,p049_b09,S24,451,18.0,688.3,29.0,715.2,60.9,car,0.3384,0.3384,others,0.0596
p049,p049_b10,S24,451,18.0,519.0,55.6,553.1,100.9,car,0.3296,0.3296,others,0.0942
p049,p049_b11,S24,451,18.0,740.0,51.5,781.8,88.1,car,0.3138,0.3138,others,0.1351
p049,p049_b12,S24,451,18.0,526.0,29.3,548.7,50.0,car,0.2733,0.2733,others,0.0604
p049,p049_b13,S24,451,18.0,658.9,33.4,690.0,56.1,car,0.2503,0.2503,others,0.029
p049,p049_b14,S24,451,18.0,708.0,45.5,738.9,74.2,car,0.2503,0.2503,others,0.0336
p050,p050_b01,S16,1051,42.0,457.4,441.6,574.8,540.0,car,0.8706,0.8706,others,0.0113
p050,p050_b02,S16,1051,42.0,517.1,378.3,606.3,459.7,car,0.8515,0.8515,others,0.0365
p050,p050_b03,S16,1051,42.0,4.9,350.7,420.0,537.5,bus,0.8155,0.8155,others,0.1292
p050,p050_b04,S16,1051,42.0,455.7,276.2,536.5,311.3,car,0.7533,0.7533,others,0.0482
p050,p050_b05,S16,1051,42.0,252.3,283.5,419.1,383.4,bus,0.7348,0.7348,others,0.019
p050,p050_b06,S16,1051,42.0,571.8,253.4,612.8,283.9,car,0.6349,0.6349,others,0.0507
p050,p050_b07,S16,1051,42.0,419.0,259.2,463.2,295.8,car,0.5672,0.5672,others,0.0703
p050,p050_b08,S16,1051,42.0,604.4,329.2,688.9,413.5,car,0.5434,0.5434,others,0.2808
p050,p050_b09,S16,1051,42.0,637.6,238.7,674.9,266.7,car,0.5295,0.5295,others,0.1511
p050,p050_b10,S16,1051,42.0,506.1,253.9,545.4,286.3,car,0.4099,0.4099,others,0.1317
p050,p050_b11,S16,1051,42.0,763.7,367.7,839.0,422.9,car,0.3627,0.3627,others,0.0168
p050,p050_b12,S16,1051,42.0,763.9,377.7,825.4,420.7,car,0.3343,0.3343,others,0.0075
p050,p050_b13,S16,1051,42.0,670.5,220.2,701.1,238.5,car,0.3218,0.3218,others,0.1462
p050,p050_b14,S16,1051,42.0,7.7,351.8,420.8,538.8,others,0.2957,0.2957,bus,0.2173
p050,p050_b15,S16,1051,42.0,414.4,286.0,437.2,315.4,car,0.2824,0.2824,others,0.0138
p050,p050_b16,S16,1051,42.0,591.3,224.4,623.4,250.4,car,0.2783,0.2783,others,0.0784
p050,p050_b17,S16,1051,42.0,336.6,260.3,362.3,286.5,car,0.2528,0.2528,others,0.0445
